--
-- PostgreSQL database dump
--

-- Dumped from database version 13.16 (Debian 13.16-1.pgdg120+1)
-- Dumped by pg_dump version 13.16 (Debian 13.16-1.pgdg120+1)

SET statement_timeout = 0;
SET lock_timeout = 0;
SET idle_in_transaction_session_timeout = 0;
SET client_encoding = 'UTF8';
SET standard_conforming_strings = on;
SELECT pg_catalog.set_config('search_path', '', false);
SET check_function_bodies = false;
SET xmloption = content;
SET client_min_messages = warning;
SET row_security = off;

SET default_tablespace = '';

SET default_table_access_method = heap;

--
-- Name: APP_demofiles; Type: TABLE; Schema: public; Owner: scott
--

CREATE TABLE public."APP_demofiles" (
    id bigint NOT NULL,
    pdf character varying(100),
    image character varying(100)
);


ALTER TABLE public."APP_demofiles" OWNER TO scott;

--
-- Name: APP_demofiles_id_seq; Type: SEQUENCE; Schema: public; Owner: scott
--

ALTER TABLE public."APP_demofiles" ALTER COLUMN id ADD GENERATED BY DEFAULT AS IDENTITY (
    SEQUENCE NAME public."APP_demofiles_id_seq"
    START WITH 1
    INCREMENT BY 1
    NO MINVALUE
    NO MAXVALUE
    CACHE 1
);


--
-- Name: APP_myuser; Type: TABLE; Schema: public; Owner: scott
--

CREATE TABLE public."APP_myuser" (
    id bigint NOT NULL,
    password character varying(128) NOT NULL,
    last_login timestamp with time zone,
    is_superuser boolean NOT NULL,
    username character varying(150) NOT NULL,
    first_name character varying(150) NOT NULL,
    last_name character varying(150) NOT NULL,
    email character varying(254) NOT NULL,
    is_staff boolean NOT NULL,
    is_active boolean NOT NULL,
    date_joined timestamp with time zone NOT NULL,
    role integer,
    gender character varying(20)
);


ALTER TABLE public."APP_myuser" OWNER TO scott;

--
-- Name: APP_myuser_groups; Type: TABLE; Schema: public; Owner: scott
--

CREATE TABLE public."APP_myuser_groups" (
    id bigint NOT NULL,
    myuser_id bigint NOT NULL,
    group_id integer NOT NULL
);


ALTER TABLE public."APP_myuser_groups" OWNER TO scott;

--
-- Name: APP_myuser_groups_id_seq; Type: SEQUENCE; Schema: public; Owner: scott
--

ALTER TABLE public."APP_myuser_groups" ALTER COLUMN id ADD GENERATED BY DEFAULT AS IDENTITY (
    SEQUENCE NAME public."APP_myuser_groups_id_seq"
    START WITH 1
    INCREMENT BY 1
    NO MINVALUE
    NO MAXVALUE
    CACHE 1
);


--
-- Name: APP_myuser_id_seq; Type: SEQUENCE; Schema: public; Owner: scott
--

ALTER TABLE public."APP_myuser" ALTER COLUMN id ADD GENERATED BY DEFAULT AS IDENTITY (
    SEQUENCE NAME public."APP_myuser_id_seq"
    START WITH 1
    INCREMENT BY 1
    NO MINVALUE
    NO MAXVALUE
    CACHE 1
);


--
-- Name: APP_myuser_user_permissions; Type: TABLE; Schema: public; Owner: scott
--

CREATE TABLE public."APP_myuser_user_permissions" (
    id bigint NOT NULL,
    myuser_id bigint NOT NULL,
    permission_id integer NOT NULL
);


ALTER TABLE public."APP_myuser_user_permissions" OWNER TO scott;

--
-- Name: APP_myuser_user_permissions_id_seq; Type: SEQUENCE; Schema: public; Owner: scott
--

ALTER TABLE public."APP_myuser_user_permissions" ALTER COLUMN id ADD GENERATED BY DEFAULT AS IDENTITY (
    SEQUENCE NAME public."APP_myuser_user_permissions_id_seq"
    START WITH 1
    INCREMENT BY 1
    NO MINVALUE
    NO MAXVALUE
    CACHE 1
);


--
-- Name: APP_student; Type: TABLE; Schema: public; Owner: scott
--

CREATE TABLE public."APP_student" (
    id bigint NOT NULL,
    name character varying(100),
    age integer,
    email character varying(100),
    phone character varying(15),
    photo character varying(100),
    CONSTRAINT "APP_student_age_check" CHECK ((age >= 0))
);


ALTER TABLE public."APP_student" OWNER TO scott;

--
-- Name: APP_student_id_seq; Type: SEQUENCE; Schema: public; Owner: scott
--

ALTER TABLE public."APP_student" ALTER COLUMN id ADD GENERATED BY DEFAULT AS IDENTITY (
    SEQUENCE NAME public."APP_student_id_seq"
    START WITH 1
    INCREMENT BY 1
    NO MINVALUE
    NO MAXVALUE
    CACHE 1
);


--
-- Name: auth_group; Type: TABLE; Schema: public; Owner: scott
--

CREATE TABLE public.auth_group (
    id integer NOT NULL,
    name character varying(150) NOT NULL
);


ALTER TABLE public.auth_group OWNER TO scott;

--
-- Name: auth_group_id_seq; Type: SEQUENCE; Schema: public; Owner: scott
--

ALTER TABLE public.auth_group ALTER COLUMN id ADD GENERATED BY DEFAULT AS IDENTITY (
    SEQUENCE NAME public.auth_group_id_seq
    START WITH 1
    INCREMENT BY 1
    NO MINVALUE
    NO MAXVALUE
    CACHE 1
);


--
-- Name: auth_group_permissions; Type: TABLE; Schema: public; Owner: scott
--

CREATE TABLE public.auth_group_permissions (
    id bigint NOT NULL,
    group_id integer NOT NULL,
    permission_id integer NOT NULL
);


ALTER TABLE public.auth_group_permissions OWNER TO scott;

--
-- Name: auth_group_permissions_id_seq; Type: SEQUENCE; Schema: public; Owner: scott
--

ALTER TABLE public.auth_group_permissions ALTER COLUMN id ADD GENERATED BY DEFAULT AS IDENTITY (
    SEQUENCE NAME public.auth_group_permissions_id_seq
    START WITH 1
    INCREMENT BY 1
    NO MINVALUE
    NO MAXVALUE
    CACHE 1
);


--
-- Name: auth_permission; Type: TABLE; Schema: public; Owner: scott
--

CREATE TABLE public.auth_permission (
    id integer NOT NULL,
    name character varying(255) NOT NULL,
    content_type_id integer NOT NULL,
    codename character varying(100) NOT NULL
);


ALTER TABLE public.auth_permission OWNER TO scott;

--
-- Name: auth_permission_id_seq; Type: SEQUENCE; Schema: public; Owner: scott
--

ALTER TABLE public.auth_permission ALTER COLUMN id ADD GENERATED BY DEFAULT AS IDENTITY (
    SEQUENCE NAME public.auth_permission_id_seq
    START WITH 1
    INCREMENT BY 1
    NO MINVALUE
    NO MAXVALUE
    CACHE 1
);


--
-- Name: django_admin_log; Type: TABLE; Schema: public; Owner: scott
--

CREATE TABLE public.django_admin_log (
    id integer NOT NULL,
    action_time timestamp with time zone NOT NULL,
    object_id text,
    object_repr character varying(200) NOT NULL,
    action_flag smallint NOT NULL,
    change_message text NOT NULL,
    content_type_id integer,
    user_id bigint NOT NULL,
    CONSTRAINT django_admin_log_action_flag_check CHECK ((action_flag >= 0))
);


ALTER TABLE public.django_admin_log OWNER TO scott;

--
-- Name: django_admin_log_id_seq; Type: SEQUENCE; Schema: public; Owner: scott
--

ALTER TABLE public.django_admin_log ALTER COLUMN id ADD GENERATED BY DEFAULT AS IDENTITY (
    SEQUENCE NAME public.django_admin_log_id_seq
    START WITH 1
    INCREMENT BY 1
    NO MINVALUE
    NO MAXVALUE
    CACHE 1
);


--
-- Name: django_content_type; Type: TABLE; Schema: public; Owner: scott
--

CREATE TABLE public.django_content_type (
    id integer NOT NULL,
    app_label character varying(100) NOT NULL,
    model character varying(100) NOT NULL
);


ALTER TABLE public.django_content_type OWNER TO scott;

--
-- Name: django_content_type_id_seq; Type: SEQUENCE; Schema: public; Owner: scott
--

ALTER TABLE public.django_content_type ALTER COLUMN id ADD GENERATED BY DEFAULT AS IDENTITY (
    SEQUENCE NAME public.django_content_type_id_seq
    START WITH 1
    INCREMENT BY 1
    NO MINVALUE
    NO MAXVALUE
    CACHE 1
);


--
-- Name: django_migrations; Type: TABLE; Schema: public; Owner: scott
--

CREATE TABLE public.django_migrations (
    id bigint NOT NULL,
    app character varying(255) NOT NULL,
    name character varying(255) NOT NULL,
    applied timestamp with time zone NOT NULL
);


ALTER TABLE public.django_migrations OWNER TO scott;

--
-- Name: django_migrations_id_seq; Type: SEQUENCE; Schema: public; Owner: scott
--

ALTER TABLE public.django_migrations ALTER COLUMN id ADD GENERATED BY DEFAULT AS IDENTITY (
    SEQUENCE NAME public.django_migrations_id_seq
    START WITH 1
    INCREMENT BY 1
    NO MINVALUE
    NO MAXVALUE
    CACHE 1
);


--
-- Name: django_session; Type: TABLE; Schema: public; Owner: scott
--

CREATE TABLE public.django_session (
    session_key character varying(40) NOT NULL,
    session_data text NOT NULL,
    expire_date timestamp with time zone NOT NULL
);


ALTER TABLE public.django_session OWNER TO scott;

--
-- Data for Name: APP_demofiles; Type: TABLE DATA; Schema: public; Owner: scott
--

COPY public."APP_demofiles" (id, pdf, image) FROM stdin;
\.


--
-- Data for Name: APP_myuser; Type: TABLE DATA; Schema: public; Owner: scott
--

COPY public."APP_myuser" (id, password, last_login, is_superuser, username, first_name, last_name, email, is_staff, is_active, date_joined, role, gender) FROM stdin;
1	pbkdf2_sha256$870000$khV9UMUO15SkCLwE9361JF$KD//f4PiMJ5AMzXn58g5zQR/zDOER3hRQqaWisNopFQ=	\N	t	admin				t	t	2024-10-13 15:23:25.329546+00	2	Male
2	pbkdf2_sha256$870000$wu9N9IjaYutwJdhk3817E9$oiH3fM+nXIPB3N4mSO/VBiW39t+ffDWPD8+O5KPU6IQ=	\N	f	abhishek				f	t	2024-10-13 15:29:59.283296+00	2	Male
3	pbkdf2_sha256$870000$adgsBKewHy1LTzPpKfatRK$GNsbmBwdSXBxyhDaMkookaz9vAWFuY3hLdvDIsu1OhA=	\N	f	docker-neelu				f	t	2024-10-13 16:02:03.207852+00	2	Male
4	pbkdf2_sha256$870000$wBGmVRu8ASM1IsGwLxjhDA$SUNQsPfLg0/FFr7ZoQTnhMrIjAqdyvmx2gxei6+EoJM=	\N	f	docker-pradeep				f	t	2024-10-13 16:02:18.010578+00	2	Male
\.


--
-- Data for Name: APP_myuser_groups; Type: TABLE DATA; Schema: public; Owner: scott
--

COPY public."APP_myuser_groups" (id, myuser_id, group_id) FROM stdin;
\.


--
-- Data for Name: APP_myuser_user_permissions; Type: TABLE DATA; Schema: public; Owner: scott
--

COPY public."APP_myuser_user_permissions" (id, myuser_id, permission_id) FROM stdin;
\.


--
-- Data for Name: APP_student; Type: TABLE DATA; Schema: public; Owner: scott
--

COPY public."APP_student" (id, name, age, email, phone, photo) FROM stdin;
\.


--
-- Data for Name: auth_group; Type: TABLE DATA; Schema: public; Owner: scott
--

COPY public.auth_group (id, name) FROM stdin;
\.


--
-- Data for Name: auth_group_permissions; Type: TABLE DATA; Schema: public; Owner: scott
--

COPY public.auth_group_permissions (id, group_id, permission_id) FROM stdin;
\.


--
-- Data for Name: auth_permission; Type: TABLE DATA; Schema: public; Owner: scott
--

COPY public.auth_permission (id, name, content_type_id, codename) FROM stdin;
1	Can add log entry	1	add_logentry
2	Can change log entry	1	change_logentry
3	Can delete log entry	1	delete_logentry
4	Can view log entry	1	view_logentry
5	Can add permission	2	add_permission
6	Can change permission	2	change_permission
7	Can delete permission	2	delete_permission
8	Can view permission	2	view_permission
9	Can add group	3	add_group
10	Can change group	3	change_group
11	Can delete group	3	delete_group
12	Can view group	3	view_group
13	Can add content type	4	add_contenttype
14	Can change content type	4	change_contenttype
15	Can delete content type	4	delete_contenttype
16	Can view content type	4	view_contenttype
17	Can add session	5	add_session
18	Can change session	5	change_session
19	Can delete session	5	delete_session
20	Can view session	5	view_session
21	Can add demo files	6	add_demofiles
22	Can change demo files	6	change_demofiles
23	Can delete demo files	6	delete_demofiles
24	Can view demo files	6	view_demofiles
25	Can add student	7	add_student
26	Can change student	7	change_student
27	Can delete student	7	delete_student
28	Can view student	7	view_student
29	Can add user	8	add_myuser
30	Can change user	8	change_myuser
31	Can delete user	8	delete_myuser
32	Can view user	8	view_myuser
\.


--
-- Data for Name: django_admin_log; Type: TABLE DATA; Schema: public; Owner: scott
--

COPY public.django_admin_log (id, action_time, object_id, object_repr, action_flag, change_message, content_type_id, user_id) FROM stdin;
\.


--
-- Data for Name: django_content_type; Type: TABLE DATA; Schema: public; Owner: scott
--

COPY public.django_content_type (id, app_label, model) FROM stdin;
1	admin	logentry
2	auth	permission
3	auth	group
4	contenttypes	contenttype
5	sessions	session
6	APP	demofiles
7	APP	student
8	APP	myuser
\.


--
-- Data for Name: django_migrations; Type: TABLE DATA; Schema: public; Owner: scott
--

COPY public.django_migrations (id, app, name, applied) FROM stdin;
1	contenttypes	0001_initial	2024-10-13 15:22:11.359735+00
2	contenttypes	0002_remove_content_type_name	2024-10-13 15:22:11.386982+00
3	auth	0001_initial	2024-10-13 15:22:11.537307+00
4	auth	0002_alter_permission_name_max_length	2024-10-13 15:22:11.556513+00
5	auth	0003_alter_user_email_max_length	2024-10-13 15:22:11.58+00
6	auth	0004_alter_user_username_opts	2024-10-13 15:22:11.602993+00
7	auth	0005_alter_user_last_login_null	2024-10-13 15:22:11.623311+00
8	auth	0006_require_contenttypes_0002	2024-10-13 15:22:11.629516+00
9	auth	0007_alter_validators_add_error_messages	2024-10-13 15:22:11.651542+00
10	auth	0008_alter_user_username_max_length	2024-10-13 15:22:11.671256+00
11	auth	0009_alter_user_last_name_max_length	2024-10-13 15:22:11.689158+00
12	auth	0010_alter_group_name_max_length	2024-10-13 15:22:11.7081+00
13	auth	0011_update_proxy_permissions	2024-10-13 15:22:11.726624+00
14	auth	0012_alter_user_first_name_max_length	2024-10-13 15:22:11.745122+00
15	APP	0001_initial	2024-10-13 15:22:11.879302+00
16	APP	0002_alter_myuser_gender	2024-10-13 15:22:11.933412+00
17	APP	0003_alter_demofiles_image_alter_demofiles_pdf_and_more	2024-10-13 15:22:11.96983+00
18	admin	0001_initial	2024-10-13 15:22:12.028516+00
19	admin	0002_logentry_remove_auto_add	2024-10-13 15:22:12.042551+00
20	admin	0003_logentry_add_action_flag_choices	2024-10-13 15:22:12.069588+00
21	sessions	0001_initial	2024-10-13 15:22:12.128876+00
\.


--
-- Data for Name: django_session; Type: TABLE DATA; Schema: public; Owner: scott
--

COPY public.django_session (session_key, session_data, expire_date) FROM stdin;
\.


--
-- Name: APP_demofiles_id_seq; Type: SEQUENCE SET; Schema: public; Owner: scott
--

SELECT pg_catalog.setval('public."APP_demofiles_id_seq"', 1, false);


--
-- Name: APP_myuser_groups_id_seq; Type: SEQUENCE SET; Schema: public; Owner: scott
--

SELECT pg_catalog.setval('public."APP_myuser_groups_id_seq"', 1, false);


--
-- Name: APP_myuser_id_seq; Type: SEQUENCE SET; Schema: public; Owner: scott
--

SELECT pg_catalog.setval('public."APP_myuser_id_seq"', 4, true);


--
-- Name: APP_myuser_user_permissions_id_seq; Type: SEQUENCE SET; Schema: public; Owner: scott
--

SELECT pg_catalog.setval('public."APP_myuser_user_permissions_id_seq"', 1, false);


--
-- Name: APP_student_id_seq; Type: SEQUENCE SET; Schema: public; Owner: scott
--

SELECT pg_catalog.setval('public."APP_student_id_seq"', 1, false);


--
-- Name: auth_group_id_seq; Type: SEQUENCE SET; Schema: public; Owner: scott
--

SELECT pg_catalog.setval('public.auth_group_id_seq', 1, false);


--
-- Name: auth_group_permissions_id_seq; Type: SEQUENCE SET; Schema: public; Owner: scott
--

SELECT pg_catalog.setval('public.auth_group_permissions_id_seq', 1, false);


--
-- Name: auth_permission_id_seq; Type: SEQUENCE SET; Schema: public; Owner: scott
--

SELECT pg_catalog.setval('public.auth_permission_id_seq', 32, true);


--
-- Name: django_admin_log_id_seq; Type: SEQUENCE SET; Schema: public; Owner: scott
--

SELECT pg_catalog.setval('public.django_admin_log_id_seq', 1, false);


--
-- Name: django_content_type_id_seq; Type: SEQUENCE SET; Schema: public; Owner: scott
--

SELECT pg_catalog.setval('public.django_content_type_id_seq', 8, true);


--
-- Name: django_migrations_id_seq; Type: SEQUENCE SET; Schema: public; Owner: scott
--

SELECT pg_catalog.setval('public.django_migrations_id_seq', 21, true);


--
-- Name: APP_demofiles APP_demofiles_pkey; Type: CONSTRAINT; Schema: public; Owner: scott
--

ALTER TABLE ONLY public."APP_demofiles"
    ADD CONSTRAINT "APP_demofiles_pkey" PRIMARY KEY (id);


--
-- Name: APP_myuser_groups APP_myuser_groups_myuser_id_group_id_6c8478df_uniq; Type: CONSTRAINT; Schema: public; Owner: scott
--

ALTER TABLE ONLY public."APP_myuser_groups"
    ADD CONSTRAINT "APP_myuser_groups_myuser_id_group_id_6c8478df_uniq" UNIQUE (myuser_id, group_id);


--
-- Name: APP_myuser_groups APP_myuser_groups_pkey; Type: CONSTRAINT; Schema: public; Owner: scott
--

ALTER TABLE ONLY public."APP_myuser_groups"
    ADD CONSTRAINT "APP_myuser_groups_pkey" PRIMARY KEY (id);


--
-- Name: APP_myuser APP_myuser_pkey; Type: CONSTRAINT; Schema: public; Owner: scott
--

ALTER TABLE ONLY public."APP_myuser"
    ADD CONSTRAINT "APP_myuser_pkey" PRIMARY KEY (id);


--
-- Name: APP_myuser_user_permissions APP_myuser_user_permissi_myuser_id_permission_id_d492014a_uniq; Type: CONSTRAINT; Schema: public; Owner: scott
--

ALTER TABLE ONLY public."APP_myuser_user_permissions"
    ADD CONSTRAINT "APP_myuser_user_permissi_myuser_id_permission_id_d492014a_uniq" UNIQUE (myuser_id, permission_id);


--
-- Name: APP_myuser_user_permissions APP_myuser_user_permissions_pkey; Type: CONSTRAINT; Schema: public; Owner: scott
--

ALTER TABLE ONLY public."APP_myuser_user_permissions"
    ADD CONSTRAINT "APP_myuser_user_permissions_pkey" PRIMARY KEY (id);


--
-- Name: APP_myuser APP_myuser_username_key; Type: CONSTRAINT; Schema: public; Owner: scott
--

ALTER TABLE ONLY public."APP_myuser"
    ADD CONSTRAINT "APP_myuser_username_key" UNIQUE (username);


--
-- Name: APP_student APP_student_pkey; Type: CONSTRAINT; Schema: public; Owner: scott
--

ALTER TABLE ONLY public."APP_student"
    ADD CONSTRAINT "APP_student_pkey" PRIMARY KEY (id);


--
-- Name: auth_group auth_group_name_key; Type: CONSTRAINT; Schema: public; Owner: scott
--

ALTER TABLE ONLY public.auth_group
    ADD CONSTRAINT auth_group_name_key UNIQUE (name);


--
-- Name: auth_group_permissions auth_group_permissions_group_id_permission_id_0cd325b0_uniq; Type: CONSTRAINT; Schema: public; Owner: scott
--

ALTER TABLE ONLY public.auth_group_permissions
    ADD CONSTRAINT auth_group_permissions_group_id_permission_id_0cd325b0_uniq UNIQUE (group_id, permission_id);


--
-- Name: auth_group_permissions auth_group_permissions_pkey; Type: CONSTRAINT; Schema: public; Owner: scott
--

ALTER TABLE ONLY public.auth_group_permissions
    ADD CONSTRAINT auth_group_permissions_pkey PRIMARY KEY (id);


--
-- Name: auth_group auth_group_pkey; Type: CONSTRAINT; Schema: public; Owner: scott
--

ALTER TABLE ONLY public.auth_group
    ADD CONSTRAINT auth_group_pkey PRIMARY KEY (id);


--
-- Name: auth_permission auth_permission_content_type_id_codename_01ab375a_uniq; Type: CONSTRAINT; Schema: public; Owner: scott
--

ALTER TABLE ONLY public.auth_permission
    ADD CONSTRAINT auth_permission_content_type_id_codename_01ab375a_uniq UNIQUE (content_type_id, codename);


--
-- Name: auth_permission auth_permission_pkey; Type: CONSTRAINT; Schema: public; Owner: scott
--

ALTER TABLE ONLY public.auth_permission
    ADD CONSTRAINT auth_permission_pkey PRIMARY KEY (id);


--
-- Name: django_admin_log django_admin_log_pkey; Type: CONSTRAINT; Schema: public; Owner: scott
--

ALTER TABLE ONLY public.django_admin_log
    ADD CONSTRAINT django_admin_log_pkey PRIMARY KEY (id);


--
-- Name: django_content_type django_content_type_app_label_model_76bd3d3b_uniq; Type: CONSTRAINT; Schema: public; Owner: scott
--

ALTER TABLE ONLY public.django_content_type
    ADD CONSTRAINT django_content_type_app_label_model_76bd3d3b_uniq UNIQUE (app_label, model);


--
-- Name: django_content_type django_content_type_pkey; Type: CONSTRAINT; Schema: public; Owner: scott
--

ALTER TABLE ONLY public.django_content_type
    ADD CONSTRAINT django_content_type_pkey PRIMARY KEY (id);


--
-- Name: django_migrations django_migrations_pkey; Type: CONSTRAINT; Schema: public; Owner: scott
--

ALTER TABLE ONLY public.django_migrations
    ADD CONSTRAINT django_migrations_pkey PRIMARY KEY (id);


--
-- Name: django_session django_session_pkey; Type: CONSTRAINT; Schema: public; Owner: scott
--

ALTER TABLE ONLY public.django_session
    ADD CONSTRAINT django_session_pkey PRIMARY KEY (session_key);


--
-- Name: APP_myuser_groups_group_id_a58ee05c; Type: INDEX; Schema: public; Owner: scott
--

CREATE INDEX "APP_myuser_groups_group_id_a58ee05c" ON public."APP_myuser_groups" USING btree (group_id);


--
-- Name: APP_myuser_groups_myuser_id_71f229d6; Type: INDEX; Schema: public; Owner: scott
--

CREATE INDEX "APP_myuser_groups_myuser_id_71f229d6" ON public."APP_myuser_groups" USING btree (myuser_id);


--
-- Name: APP_myuser_user_permissions_myuser_id_09d1d3ed; Type: INDEX; Schema: public; Owner: scott
--

CREATE INDEX "APP_myuser_user_permissions_myuser_id_09d1d3ed" ON public."APP_myuser_user_permissions" USING btree (myuser_id);


--
-- Name: APP_myuser_user_permissions_permission_id_1c514bd9; Type: INDEX; Schema: public; Owner: scott
--

CREATE INDEX "APP_myuser_user_permissions_permission_id_1c514bd9" ON public."APP_myuser_user_permissions" USING btree (permission_id);


--
-- Name: APP_myuser_username_6462d6f7_like; Type: INDEX; Schema: public; Owner: scott
--

CREATE INDEX "APP_myuser_username_6462d6f7_like" ON public."APP_myuser" USING btree (username varchar_pattern_ops);


--
-- Name: auth_group_name_a6ea08ec_like; Type: INDEX; Schema: public; Owner: scott
--

CREATE INDEX auth_group_name_a6ea08ec_like ON public.auth_group USING btree (name varchar_pattern_ops);


--
-- Name: auth_group_permissions_group_id_b120cbf9; Type: INDEX; Schema: public; Owner: scott
--

CREATE INDEX auth_group_permissions_group_id_b120cbf9 ON public.auth_group_permissions USING btree (group_id);


--
-- Name: auth_group_permissions_permission_id_84c5c92e; Type: INDEX; Schema: public; Owner: scott
--

CREATE INDEX auth_group_permissions_permission_id_84c5c92e ON public.auth_group_permissions USING btree (permission_id);


--
-- Name: auth_permission_content_type_id_2f476e4b; Type: INDEX; Schema: public; Owner: scott
--

CREATE INDEX auth_permission_content_type_id_2f476e4b ON public.auth_permission USING btree (content_type_id);


--
-- Name: django_admin_log_content_type_id_c4bce8eb; Type: INDEX; Schema: public; Owner: scott
--

CREATE INDEX django_admin_log_content_type_id_c4bce8eb ON public.django_admin_log USING btree (content_type_id);


--
-- Name: django_admin_log_user_id_c564eba6; Type: INDEX; Schema: public; Owner: scott
--

CREATE INDEX django_admin_log_user_id_c564eba6 ON public.django_admin_log USING btree (user_id);


--
-- Name: django_session_expire_date_a5c62663; Type: INDEX; Schema: public; Owner: scott
--

CREATE INDEX django_session_expire_date_a5c62663 ON public.django_session USING btree (expire_date);


--
-- Name: django_session_session_key_c0390e0f_like; Type: INDEX; Schema: public; Owner: scott
--

CREATE INDEX django_session_session_key_c0390e0f_like ON public.django_session USING btree (session_key varchar_pattern_ops);


--
-- Name: APP_myuser_groups APP_myuser_groups_group_id_a58ee05c_fk_auth_group_id; Type: FK CONSTRAINT; Schema: public; Owner: scott
--

ALTER TABLE ONLY public."APP_myuser_groups"
    ADD CONSTRAINT "APP_myuser_groups_group_id_a58ee05c_fk_auth_group_id" FOREIGN KEY (group_id) REFERENCES public.auth_group(id) DEFERRABLE INITIALLY DEFERRED;


--
-- Name: APP_myuser_groups APP_myuser_groups_myuser_id_71f229d6_fk_APP_myuser_id; Type: FK CONSTRAINT; Schema: public; Owner: scott
--

ALTER TABLE ONLY public."APP_myuser_groups"
    ADD CONSTRAINT "APP_myuser_groups_myuser_id_71f229d6_fk_APP_myuser_id" FOREIGN KEY (myuser_id) REFERENCES public."APP_myuser"(id) DEFERRABLE INITIALLY DEFERRED;


--
-- Name: APP_myuser_user_permissions APP_myuser_user_perm_permission_id_1c514bd9_fk_auth_perm; Type: FK CONSTRAINT; Schema: public; Owner: scott
--

ALTER TABLE ONLY public."APP_myuser_user_permissions"
    ADD CONSTRAINT "APP_myuser_user_perm_permission_id_1c514bd9_fk_auth_perm" FOREIGN KEY (permission_id) REFERENCES public.auth_permission(id) DEFERRABLE INITIALLY DEFERRED;


--
-- Name: APP_myuser_user_permissions APP_myuser_user_permissions_myuser_id_09d1d3ed_fk_APP_myuser_id; Type: FK CONSTRAINT; Schema: public; Owner: scott
--

ALTER TABLE ONLY public."APP_myuser_user_permissions"
    ADD CONSTRAINT "APP_myuser_user_permissions_myuser_id_09d1d3ed_fk_APP_myuser_id" FOREIGN KEY (myuser_id) REFERENCES public."APP_myuser"(id) DEFERRABLE INITIALLY DEFERRED;


--
-- Name: auth_group_permissions auth_group_permissio_permission_id_84c5c92e_fk_auth_perm; Type: FK CONSTRAINT; Schema: public; Owner: scott
--

ALTER TABLE ONLY public.auth_group_permissions
    ADD CONSTRAINT auth_group_permissio_permission_id_84c5c92e_fk_auth_perm FOREIGN KEY (permission_id) REFERENCES public.auth_permission(id) DEFERRABLE INITIALLY DEFERRED;


--
-- Name: auth_group_permissions auth_group_permissions_group_id_b120cbf9_fk_auth_group_id; Type: FK CONSTRAINT; Schema: public; Owner: scott
--

ALTER TABLE ONLY public.auth_group_permissions
    ADD CONSTRAINT auth_group_permissions_group_id_b120cbf9_fk_auth_group_id FOREIGN KEY (group_id) REFERENCES public.auth_group(id) DEFERRABLE INITIALLY DEFERRED;


--
-- Name: auth_permission auth_permission_content_type_id_2f476e4b_fk_django_co; Type: FK CONSTRAINT; Schema: public; Owner: scott
--

ALTER TABLE ONLY public.auth_permission
    ADD CONSTRAINT auth_permission_content_type_id_2f476e4b_fk_django_co FOREIGN KEY (content_type_id) REFERENCES public.django_content_type(id) DEFERRABLE INITIALLY DEFERRED;


--
-- Name: django_admin_log django_admin_log_content_type_id_c4bce8eb_fk_django_co; Type: FK CONSTRAINT; Schema: public; Owner: scott
--

ALTER TABLE ONLY public.django_admin_log
    ADD CONSTRAINT django_admin_log_content_type_id_c4bce8eb_fk_django_co FOREIGN KEY (content_type_id) REFERENCES public.django_content_type(id) DEFERRABLE INITIALLY DEFERRED;


--
-- Name: django_admin_log django_admin_log_user_id_c564eba6_fk_APP_myuser_id; Type: FK CONSTRAINT; Schema: public; Owner: scott
--

ALTER TABLE ONLY public.django_admin_log
    ADD CONSTRAINT "django_admin_log_user_id_c564eba6_fk_APP_myuser_id" FOREIGN KEY (user_id) REFERENCES public."APP_myuser"(id) DEFERRABLE INITIALLY DEFERRED;


--
-- PostgreSQL database dump complete
--

